{"(0.1909549182844389,8.298264736220668e-09)": 0.7423664122137404, "(0.1909549182844389,7.153951546233519e-09)": 0.7423664122137404, "(0.1909549182844389,8.521160963542321e-09)": 0.7423664122137404, "(0.1909549182844389,8.221785603455043e-09)": 0.7423664122137404, "(0.1909549182844389,9.322579954956947e-09)": 0.7423664122137404, "(0.1909549182844389,0.04500387079787024)": 0.9580152671755725, "(0.1909549182844389,0.04500393089443493)": 0.9580152671755725, "(0.1909549182844389,0.04500392157740568)": 0.9580152671755725, "(0.1909549182844389,0.04500398728561096)": 0.9580152671755725, "(0.1909549182844389,0.0450039435824935)": 0.9580152671755725, "(0.1909549182844389,0.045004142714695605)": 0.9580152671755725, "(0.1909549182844389,0.0450039931873763)": 0.9580152671755725, "(0.1909549182844389,0.04500369216191064)": 0.9580152671755725, "(0.1909549182844389,0.045004050063621556)": 0.9580152671755725, "(0.1909549182844389,0.045004205980031)": 0.9580152671755725, "(0.1909549182844389,0.045003811226434605)": 0.9580152671755725, "(0.1909549182844389,0.04500399025470426)": 0.9580152671755725, "(0.1909549182844389,0.04500374595042287)": 0.9580152671755725, "(0.1909549182844389,0.045004476478851765)": 0.9580152671755725, "(0.1909549182844389,0.04500359637984567)": 0.9580152671755725, "(0.1909549182844389,0.04500397611490443)": 0.9580152671755725, "(0.1909549182844389,0.045004081186708934)": 0.9580152671755725, "(0.1909549182844389,0.04500422612673015)": 0.9580152671755725, "(0.1909549182844389,0.04500387497588043)": 0.9580152671755725, "(0.1909549182844389,0.04500374542474055)": 0.9580152671755725, "(0.1909549182844389,7.760757793848109e-07)": 0.7423664122137404, "(0.1909549182844389,6.799221655339764e-07)": 0.7423664122137404, "(0.1909549182844389,7.17801585716116e-07)": 0.7423664122137404, "(0.1909549182844389,7.559244165601367e-07)": 0.7423664122137404, "(0.1909549182844389,7.286315864349988e-07)": 0.7423664122137404, "(0.017624845984604565,8.298264736220668e-09)": 0.7423664122137404, "(0.017624845984604565,7.153951546233519e-09)": 0.7423664122137404, "(0.017624845984604565,8.521160963542321e-09)": 0.7423664122137404, "(0.017624845984604565,8.221785603455043e-09)": 0.7423664122137404, "(0.017624845984604565,9.322579954956947e-09)": 0.7423664122137404, "(0.017624845984604565,0.04500387079787024)": 0.7919847328244275, "(0.017624845984604565,0.04500393089443493)": 0.7919847328244275, "(0.017624845984604565,0.04500392157740568)": 0.7919847328244275, "(0.017624845984604565,0.04500398728561096)": 0.7919847328244275, "(0.017624845984604565,0.0450039435824935)": 0.7919847328244275, "(0.017624845984604565,0.045004142714695605)": 0.7919847328244275, "(0.017624845984604565,0.0450039931873763)": 0.7919847328244275, "(0.017624845984604565,0.04500369216191064)": 0.7919847328244275, "(0.017624845984604565,0.045004050063621556)": 0.7919847328244275, "(0.017624845984604565,0.045004205980031)": 0.7919847328244275, "(0.017624845984604565,0.045003811226434605)": 0.7919847328244275, "(0.017624845984604565,0.04500399025470426)": 0.7919847328244275, "(0.017624845984604565,0.04500374595042287)": 0.7919847328244275, "(0.017624845984604565,0.045004476478851765)": 0.7919847328244275, "(0.017624845984604565,0.04500359637984567)": 0.7919847328244275, "(0.017624845984604565,0.04500397611490443)": 0.7919847328244275, "(0.017624845984604565,0.045004081186708934)": 0.7919847328244275, "(0.017624845984604565,0.04500422612673015)": 0.7919847328244275, "(0.017624845984604565,0.04500387497588043)": 0.7919847328244275, "(0.017624845984604565,0.04500374542474055)": 0.7919847328244275, "(0.017624845984604565,7.760757793848109e-07)": 0.7423664122137404, "(0.017624845984604565,6.799221655339764e-07)": 0.7423664122137404, "(0.017624845984604565,7.17801585716116e-07)": 0.7423664122137404, "(0.017624845984604565,7.559244165601367e-07)": 0.7423664122137404, "(0.017624845984604565,7.286315864349988e-07)": 0.7423664122137404, "(0.6636449070851039,8.298264736220668e-09)": 0.7423664122137404, "(0.6636449070851039,7.153951546233519e-09)": 0.7423664122137404, "(0.6636449070851039,8.521160963542321e-09)": 0.7423664122137404, "(0.6636449070851039,8.221785603455043e-09)": 0.7423664122137404, "(0.6636449070851039,9.322579954956947e-09)": 0.7423664122137404, "(0.6636449070851039,0.04500387079787024)": 0.9599236641221374, "(0.6636449070851039,0.04500393089443493)": 0.9599236641221374, "(0.6636449070851039,0.04500392157740568)": 0.9599236641221374, "(0.6636449070851039,0.04500398728561096)": 0.9599236641221374, "(0.6636449070851039,0.0450039435824935)": 0.9599236641221374, "(0.6636449070851039,0.045004142714695605)": 0.9599236641221374, "(0.6636449070851039,0.0450039931873763)": 0.9599236641221374, "(0.6636449070851039,0.04500369216191064)": 0.9599236641221374, "(0.6636449070851039,0.045004050063621556)": 0.9599236641221374, "(0.6636449070851039,0.045004205980031)": 0.9599236641221374, "(0.6636449070851039,0.045003811226434605)": 0.9599236641221374, "(0.6636449070851039,0.04500399025470426)": 0.9599236641221374, "(0.6636449070851039,0.04500374595042287)": 0.9599236641221374, "(0.6636449070851039,0.045004476478851765)": 0.9599236641221374, "(0.6636449070851039,0.04500359637984567)": 0.9599236641221374, "(0.6636449070851039,0.04500397611490443)": 0.9599236641221374, "(0.6636449070851039,0.045004081186708934)": 0.9599236641221374, "(0.6636449070851039,0.04500422612673015)": 0.9599236641221374, "(0.6636449070851039,0.04500387497588043)": 0.9599236641221374, "(0.6636449070851039,0.04500374542474055)": 0.9599236641221374, "(0.6636449070851039,7.760757793848109e-07)": 0.7423664122137404, "(0.6636449070851039,6.799221655339764e-07)": 0.7423664122137404, "(0.6636449070851039,7.17801585716116e-07)": 0.7423664122137404, "(0.6636449070851039,7.559244165601367e-07)": 0.7423664122137404, "(0.6636449070851039,7.286315864349988e-07)": 0.7423664122137404, "(0.7858110973815596,8.298264736220668e-09)": 0.7423664122137404, "(0.7858110973815596,7.153951546233519e-09)": 0.7423664122137404, "(0.7858110973815596,8.521160963542321e-09)": 0.7423664122137404, "(0.7858110973815596,8.221785603455043e-09)": 0.7423664122137404, "(0.7858110973815596,9.322579954956947e-09)": 0.7423664122137404, "(0.7858110973815596,0.04500387079787024)": 0.9637404580152672, "(0.7858110973815596,0.04500393089443493)": 0.9637404580152672, "(0.7858110973815596,0.04500392157740568)": 0.9637404580152672, "(0.7858110973815596,0.04500398728561096)": 0.9637404580152672, "(0.7858110973815596,0.0450039435824935)": 0.9637404580152672, "(0.7858110973815596,0.045004142714695605)": 0.9637404580152672, "(0.7858110973815596,0.0450039931873763)": 0.9637404580152672, "(0.7858110973815596,0.04500369216191064)": 0.9637404580152672, "(0.7858110973815596,0.045004050063621556)": 0.9637404580152672, "(0.7858110973815596,0.045004205980031)": 0.9637404580152672, "(0.7858110973815596,0.045003811226434605)": 0.9637404580152672, "(0.7858110973815596,0.04500399025470426)": 0.9637404580152672, "(0.7858110973815596,0.04500374595042287)": 0.9637404580152672, "(0.7858110973815596,0.045004476478851765)": 0.9637404580152672, "(0.7858110973815596,0.04500359637984567)": 0.9637404580152672, "(0.7858110973815596,0.04500397611490443)": 0.9637404580152672, "(0.7858110973815596,0.045004081186708934)": 0.9637404580152672, "(0.7858110973815596,0.04500422612673015)": 0.9637404580152672, "(0.7858110973815596,0.04500387497588043)": 0.9637404580152672, "(0.7858110973815596,0.04500374542474055)": 0.9637404580152672, "(0.7858110973815596,7.760757793848109e-07)": 0.7423664122137404, "(0.7858110973815596,6.799221655339764e-07)": 0.7423664122137404, "(0.7858110973815596,7.17801585716116e-07)": 0.7423664122137404, "(0.7858110973815596,7.559244165601367e-07)": 0.7423664122137404, "(0.7858110973815596,7.286315864349988e-07)": 0.7423664122137404, "(0.07264708998241387,8.298264736220668e-09)": 0.7423664122137404, "(0.07264708998241387,7.153951546233519e-09)": 0.7423664122137404,